{"ground_state_energy": -0.8867862020381482, "iterations": 100, "energy_convergence": [0.6282750478944606, 0.5908175006943797, 0.5544506741782831, 0.5188000354893284, 0.48347876153312963, 0.44810021308184494, 0.41228809610920775, 0.37568511063818544, 0.33796091810213136, 0.29882018402328525, 0.25801129605216677, 0.21533612363230595, 0.17066086983424777, 0.12392766374781634, 0.07516606391114297, 0.02450313211653584, -0.027829719374372196, -0.08149517019650743, -0.13605570056645405, -0.19098796646882865, -0.2457061341850612, -0.2995929553327521, -0.3520357625156173, -0.4024633147218982, -0.45037893620479863, -0.4953858878830313, -0.5372022893536711, -0.5756647861690894, -0.6107220089250577, -0.6424202430871253, -0.6708843832842877, -0.6962971968876204, -0.7188793660386723, -0.7388719803946001, -0.7565223491828089, -0.7720733416690313, -0.785756011512378, -0.797785007570029, -0.8083561800916269, -0.817645804686876, -0.8258109197050043, -0.8329903702456977, -0.8393062510307793, -0.8448655283212174, -0.8497616928279556, -0.8540763505218891, -0.8578806981615978, -0.8612368579474741, -0.8641990638203213, -0.8668147030937983, -0.8691252234234663, -0.8711669181711335, -0.8729716041962677, -0.8745672058242893, -0.8759782577662322, -0.8772263384619469, -0.8783304439179276, -0.8793073107449783, -0.8801716958418145, -0.8809366190504722, -0.8816135741359287, -0.8822127126100432, -0.8827430042160229, -0.8832123772986432, -0.8836278417913525, -0.8839955971391722, -0.8843211271325042, -0.8846092833398319, -0.8848643585870278, -0.8850901517292679, -0.8852900247915652, -0.8854669534101364, -0.8856235713846314, -0.8857622100469724, -0.8858849330632277, -0.8859935672080232, -0.8860897295846277, -0.8861748517062809, -0.8862502008042976, -0.8863168986848615, -0.8863759384182772, -0.8864281991110659, -0.8864744589819502, -0.8865154069370278, -0.886551652816746, -0.8865837364672928, -0.8866121357714036, -0.8866372737580155, -0.8866595248964481, -0.8866792206686487, -0.8866966545022901, -0.8867120861380078, -0.8867257454956643, -0.8867378360970695, -0.8867485380960259, -0.8867580109607165, -0.8867663958483059, -0.8867738177070491, -0.8867803871371682, -0.8867862020381482]}